Basin,Combination,PBIAS,CC,RMSE,ME,ME1,MAE,MAPE
2181900,P_Merge,10.466427153104629,0.980634486419745,15.333594359291796,10.359943483441809,48.78578523042897,12.194074553249719,16.23576037817571
2181900,Pre_GPCC,12.829327799366343,0.983396320378115,16.717654235676736,12.698804375909605,48.812787202648416,13.719700253536724,16.67837207090617
2181900,Pre_GPCP,6.960605571432077,0.9759990646565828,14.571098774394974,6.8897895409491525,48.8044558236706,11.346622265355933,15.40499274876963
2181900,Pre_Gsmap,16.55260546389699,0.9809903364042218,19.934861194632948,16.38420203964407,48.95853739273959,16.818918681225988,22.754662997438
2181900,Pre_IMERG,8.494066764642653,0.9840828065274341,13.323065255969155,8.407649557870057,48.78055716124093,10.382266348830509,12.63107555449443
2181900,Pre_PERSIANN_CDR,7.495530166185081,0.9740657384314666,15.450205326265642,7.419271902836159,48.79548154635047,12.486631524644066,16.92309247988533
2181900,PR_1111_P,4.463368856793589,0.9728395515405731,14.77479253364856,4.448945880614532,49.442338512038745,11.231929989999166,13.62966174701669
2181900,CKF_1111_P,11.099395779484453,0.9787892083530639,16.528693162104158,11.063529077433655,49.396753521158374,13.16481104161449,15.846323729443334
2181900,MCL_1111_P,9.901798267647278,0.9801984557370746,15.3871354025764,9.869801494553625,49.366659548480726,12.150128693646241,14.695607013684075
2181900,MSD_1111_P,9.504250219744954,0.979725166875205,15.21972219958772,9.473538087515385,49.35905318461652,11.983831019828006,14.509043644802563
2181900,PR_1112_P,4.387403238878022,0.9719793603823349,14.852041552012128,4.3732257387805475,49.444247423177416,10.853496737806276,13.228460294894296
2181900,CKF_1112_P,11.38400919788017,0.9774638604118714,16.95750694176431,11.347222793092387,49.403905463569956,13.431426889552583,16.659869434548447
2181900,MCL_1112_P,9.979505765571412,0.9802943299051425,15.438568691102782,9.947257887667142,49.36861223066006,12.110611293251361,14.761352388940413
2181900,MSD_1112_P,9.726028341708686,0.9797658245158534,15.377550879638372,9.69459955336739,49.36224269282057,12.023512746342186,14.615342007447705
2181900,PR_1113_P,4.375085474462422,0.973274558990972,14.562703669266185,4.36094777811598,49.444556951597534,10.89768159424963,13.194318469916894
2181900,CKF_1113_P,11.063611664321579,0.9773055848875147,16.79247020991486,11.027860595429754,49.3958543157297,13.169639724533681,15.777007177715138
2181900,MCL_1113_P,9.41707315986181,0.979700408467393,15.183316725069425,9.386642732483082,49.358322971549,11.932374612567168,14.306158196569028
2181900,MSD_1113_P,8.169800901218096,0.9777880660977597,14.84882496909144,8.143400922285913,49.36126602164593,11.531792411398527,13.936561162240546
2181900,PR_1114_P,4.342280710539247,0.9743965396019387,14.217263983094622,4.328249019845442,49.44538129004133,10.549980814757006,12.71929216987652
2181900,CKF_1114_P,11.161400175859448,0.9788692608037547,16.56722534429905,11.12533311216241,49.39831160606752,13.203779058885969,15.839653267196137
2181900,MCL_1114_P,9.584777612485356,0.9804367457170288,15.144052789346732,9.553805263207964,49.359727698697945,11.910383032533973,14.265098800212664
2181900,MSD_1114_P,9.198635276244389,0.9801545145016775,14.946072355179435,9.16891071129673,49.356493290698694,11.709365486714406,14.022195448986407
2181900,PR_1211_P,7.653171446713962,0.9699797643119356,16.308592233039214,7.628440909531898,49.365593416711086,12.453220293018832,14.471841025812084
2181900,CKF_1211_P,8.547389556642793,0.9715507201561994,16.411867801293475,8.519769433833327,49.358103261044675,13.056406703802582,15.719662307452559
2181900,MCL_1211_P,,,,,,,
2181900,MSD_1211_P,11.09250561833544,0.9796884095367167,16.390082233996356,11.056661181222474,49.396580380917754,13.036788685601751,15.168066391424539
2181900,PR_1212_P,7.580832312443057,0.9688884313671933,16.488000966109887,7.556335532685907,49.36619934424761,12.154070984531963,14.09585937246607
2181900,CKF_1212_P,8.765938390455252,0.9670150212031361,17.49873450091967,8.737612046689112,49.35627265085262,13.778774931073386,16.63142644088195
2181900,MCL_1212_P,,,,,,,
2181900,MSD_1212_P,11.192477728229392,0.9798171930797618,16.465149994942728,11.156310240208951,49.39909254206868,12.999685215083366,15.296274675612425
2181900,PR_1213_P,7.573831115229273,0.9704115897266922,16.168678784969213,7.549356959213042,49.366257987722165,12.252517650926452,14.090220816749904
2181900,CKF_1213_P,7.607956153566943,0.9635111437889863,17.683669010910908,7.583371725549708,49.36597214934958,13.416319969669894,15.762839505867051
2181900,MCL_1213_P,,,,,,,
2181900,MSD_1213_P,10.426428382019157,0.9782391015725923,16.23222403397543,10.392736313760532,49.379842779217036,12.751399422638308,14.69636743408474
2181900,PR_1214_P,7.534040690353177,0.9718019768646582,15.852881669695973,7.509695113526467,49.36659128054308,11.918476081318548,13.59611798990027
2181900,CKF_1214_P,8.402624913151657,0.9677534103595851,17.12465564290658,8.375472584304921,49.35931583961216,13.147833861275405,15.699873519599953
2181900,MCL_1214_P,,,,,,,
2181900,MSD_1214_P,10.923904138430304,0.9800699736692815,16.230134518446988,10.888604521879214,49.3923436584133,12.818858931006837,14.755997102279657
2181900,PR_1311_P,11.47067955972884,0.9728692179283966,18.173181792165497,11.43361308743947,49.40608337015012,13.725367626312885,15.166742811543873
2181900,CKF_1311_P,12.570640173002788,0.9820308940844886,17.21666740615209,12.530019276637757,49.43372386231478,13.871339935216074,16.133508969153297
2181900,MCL_1311_P,12.444140875577238,0.9815227559285412,17.20652366010248,12.403928750347188,49.43054510955115,13.834714408196566,15.782192867677743
2181900,MSD_1311_P,12.40801087405436,0.9813300207545111,17.223650620592316,12.367915499684038,49.42963721247561,13.82112741295976,15.731303782745934
2181900,PR_1312_P,11.427013263725158,0.9716895315352435,18.47356213977233,11.390087895155267,49.40498609639508,13.494993725648548,14.703088324789752
2181900,CKF_1312_P,13.015996914509845,0.9809852403293778,17.65834215294741,12.9739368877749,49.44958819485813,14.16223258842812,16.78256499601859
2181900,MCL_1312_P,12.442263525149752,0.9815535612427608,17.233039846549808,12.402057466409245,49.43049793432583,13.76285734343355,15.819121203839329
2181900,MSD_1312_P,12.424969083556462,0.9814325996199507,17.246937174158653,12.38481891025297,49.430063348876516,13.755482159603707,15.76772263868772
2181900,PR_1313_P,11.41243831156095,0.9733904889287646,18.131518759977048,11.375560040641872,49.404619847961946,13.700394901703751,14.902029597221599
2181900,CKF_1313_P,12.562617038189286,0.9799132731236718,17.606055176524407,12.522022067864878,49.43352225200959,13.847622937953567,15.863132494167647
2181900,MCL_1313_P,12.308141527898174,0.9812511132288438,17.202671749376027,12.268368872363522,49.4271276336356,13.725492067554312,15.470401991543959
2181900,MSD_1313_P,12.10658054419146,0.980433487116483,17.24262399244068,12.067459214899364,49.422062684287766,13.666289884896319,15.351788681180906
2181900,PR_1314_P,11.396076016705031,0.9745278329067434,17.993111001538058,11.359250619074384,49.4042086860737,13.49570933571979,14.464197637748876
2181900,CKF_1314_P,12.742050176801673,0.9825190453684515,17.239275935867326,12.700875384381673,49.438115022446645,13.910339304074743,16.198158944412764
2181900,MCL_1314_P,12.338278995289173,0.9818348729256128,17.13460223671497,12.29840895323142,49.42788494659866,13.690551427058777,15.4262164347862
2181900,MSD_1314_P,12.316179705303139,0.981717477098334,17.15037089288684,12.276381075119078,49.42732962194036,13.677861102736534,15.362629639964831
2181900,PR_1411_P,9.088477000826344,0.9695323418729505,17.201315755079,9.05910840246654,49.35557058222114,13.585693171675722,17.032852118299548
2181900,CKF_1411_P,8.821625315929825,0.9656581228666838,17.87373383429012,8.7931190248581,49.35580620565793,14.386428067235228,17.493973285727883
2181900,MCL_1411_P,9.76764921132131,0.9722506653005943,16.941197542103264,9.736085928872482,49.3632885678333,13.528561233241057,17.14716513273634
2181900,MSD_1411_P,11.52398035334337,0.9792158059594309,16.695918872219192,11.486741644319533,49.40742274553365,13.434337993690056,16.534426064326414
2181900,PR_1412_P,9.01205456605019,0.9685190395220495,17.313608307478454,8.982932919934687,49.35493045211584,13.239982466516876,16.602528652601336
2181900,CKF_1412_P,8.946857149844877,0.9618472665574641,18.733384481198506,8.917946183332838,49.35475723793965,14.953928388212,17.89906022496468
2181900,MCL_1412_P,9.94532541598356,0.9732633368338641,16.828916080396436,9.913187988813636,49.36775332564696,13.138196182340451,16.766854146233822
2181900,MSD_1412_P,11.611715992552847,0.9793767446810306,16.755048607146097,11.574193773679168,49.409627421063725,13.401312015452534,16.647295401872455
2181900,PR_1413_P,8.994240678429023,0.9699144434355121,17.033937495580105,8.965176596293789,49.35478123931212,13.337417214056194,16.498583013999742
2181900,CKF_1413_P,8.592221646304358,0.962610642211608,18.438967111696023,8.56445665261776,49.35772773819775,14.721734857811818,17.639830939240902
2181900,MCL_1413_P,9.008530343367163,0.9694095236458472,17.119002596464217,8.9794200854612,49.35490093249842,13.534523629339285,17.36356649616572
2181900,MSD_1413_P,10.901276403646513,0.9772001283137225,16.654085509085103,10.866049906591089,49.39177505466655,13.314178259096005,16.384289272764114
2181900,PR_1414_P,8.955516349102599,0.9712447304981643,16.716225000788505,8.926577401164726,49.35468470669737,13.038512702986942,16.09645084807049
2181900,CKF_1414_P,9.424060790920187,0.9648429083572727,18.266926902430118,9.393607783638355,49.35838150139064,14.30930795707307,17.4399308270606
2181900,MCL_1414_P,9.220018708945288,0.9720051156790781,16.67821503217363,9.190225045352557,49.356672402749595,13.125118789869896,16.572876518812915
2181900,MSD_1414_P,11.358729216852549,0.9795773556871099,16.528264872195443,11.32202450205631,49.40327021253541,13.243304335219491,16.21233782777302
2181900,PR_2111_P,0.9288715285549097,0.9678655015249776,16.135005842330486,0.9258699635129883,49.55422739178546,12.322610325690679,14.48833938400417
2181900,CKF_2111_P,5.5798449754126915,0.9695179993114577,15.765555827460341,5.561814206783584,49.41428300801767,12.226199800006349,15.68315459729273
2181900,MCL_2111_P,4.259944210220439,0.9727669772826311,14.695164649467449,4.246178582543353,49.44745029266239,11.225381203584844,13.740646319701316
2181900,MSD_2111_P,2.4307936398608936,0.9699348938365616,15.225089228840558,2.4229387482109335,49.49341432209935,11.596318324473975,13.749571154869539
2181900,PR_2112_P,0.8480325264824484,0.966875020813896,16.161971868196375,0.8452921854259602,49.558967261084696,12.155295319791499,14.51915975266666
2181900,CKF_2112_P,5.912323296939808,0.96785433434576,16.276234458982174,5.893218154431843,49.40592828664838,12.553622847752523,16.269890420599094
2181900,MCL_2112_P,4.4024206087932285,0.9727993202952134,14.667703452956953,4.3881945814116525,49.443870057396786,11.076226994572542,13.871092715881957
2181900,MSD_2112_P,2.6557894887390736,0.969858891970944,15.150481701420215,2.6472075431814317,49.48776048693202,11.417409052400433,14.063127090604338
2181900,PR_2113_P,0.846872847733526,0.9682341768177586,15.899490326059842,0.8441362540749131,49.559035257046496,12.10796082759412,14.197935095647956
2181900,CKF_2113_P,5.603589089467675,0.967453466456038,16.252103901016767,5.585481593863407,49.41368635120052,12.379463355450884,15.695257078356011
2181900,MCL_2113_P,3.7372750251978974,0.9722311253518695,14.69489008593581,3.725198356118448,49.4605842479504,11.155603331483325,13.550458366895866
2181900,MSD_2113_P,0.9786651250083522,0.9672529946003094,15.8228926994061,0.9755026564250566,49.55130782161415,12.05231909573666,14.508553515366499
2181900,PR_2114_P,0.8158566439710273,0.969458407232066,15.492926340794988,0.813220276393293,49.56085384396895,11.742575662067823,13.838307257037815
2181900,CKF_2114_P,5.610642452220667,0.9692988201401723,15.821450283606579,5.592512164307219,49.41350910992884,12.275571232463312,15.82811090293908
2181900,MCL_2114_P,3.886185300536885,0.9731479493963063,14.458415345374533,3.8736274412571765,49.456842338241024,10.881837979636526,13.19280066574356
2181900,MSD_2114_P,2.068306257874893,0.9708708138584291,14.842599796017304,2.0616227116914043,49.50252312974268,11.220351926888947,13.387593444190282
2181900,PR_2211_P,4.347228078605814,0.964850532992818,16.499588894831938,4.33318040093579,49.445256969509636,12.398565813276184,14.518775847641185
2181900,CKF_2211_P,4.963696500508425,0.9655204534271027,16.412173451041838,4.947656760418843,49.429765968850404,12.649506715285728,15.985576630493508
2181900,MCL_2211_P,,,,,,,
2181900,MSD_2211_P,5.082165428859324,0.9695749517278757,15.510728681295314,5.065742867052249,49.426789008178964,11.581639792745076,13.710824008196514
2181900,PR_2212_P,4.270062530053614,0.9636163785616876,16.637497552143408,4.256264205933413,49.447196033249185,12.132355611710091,14.496992561659189
2181900,CKF_2212_P,5.310713916690159,0.9632208057414595,17.10717946127247,5.293552820941233,49.42104590009773,12.940818657813482,16.440846628830705
2181900,MCL_2212_P,,,,,,,
2181900,MSD_2212_P,5.148661913035796,0.9696856285985551,15.463793188741656,5.13202447380361,49.42511804330289,11.392104140363918,13.910741985340758
2181900,PR_2213_P,4.274521303598298,0.9652105431288713,16.322738327680934,4.260708571351256,49.44708399042352,12.159876220267302,14.1789692000789
2181900,CKF_2213_P,4.703810203873035,0.9569066817281286,18.205934610598877,4.688610263044033,49.43629655281782,13.456173882611933,16.68985864382714
2181900,MCL_2213_P,,,,,,,
2181900,MSD_2213_P,4.4430959102452,0.9674467027468907,15.777435341210099,4.428738444274805,49.442847943206964,11.745939098733281,14.128203477939142
2181900,PR_2214_P,4.236053291234818,0.9667188086203709,15.923710765965037,4.22236486491986,49.44805063848482,11.812490129241619,13.788870868998279
2181900,CKF_2214_P,5.163251024576034,0.9618749519580297,17.232351778663286,5.146566441938279,49.4247514390642,13.055516298616835,16.39148622940757
2181900,MCL_2214_P,,,,,,,
2181900,MSD_2214_P,4.894860694337122,0.9704426338672231,15.193543307898775,4.879043390981883,49.431495717659736,11.181161013970852,13.268008291920388
2181900,PR_2311_P,8.476600484821166,0.9681330710148877,17.099460907328233,8.44920911054882,49.35869620493783,12.400607518175615,14.238871993245356
2181900,CKF_2311_P,7.549738980686714,0.9751030299025955,15.14424347470515,7.525342676242636,49.36645978841939,11.41958634342211,14.9148046201001
2181900,MCL_2311_P,7.527343602902616,0.9741710345365256,15.331016376317908,7.5030196671133975,49.366647376731414,11.397700934108489,13.792415345358918
2181900,MSD_2311_P,7.560836292267235,0.9727845816326646,15.659240303713867,7.53640412785601,49.36636683504449,11.533041493389918,13.665325743936405
2181900,PR_2312_P,8.428394731817487,0.9667819944445405,17.383059676823677,8.401159130112807,49.359099986286026,12.263370388598215,14.187366425476238
2181900,CKF_2312_P,7.907287435169531,0.9734745937623404,15.697533879143538,7.881735744960279,49.363464888682266,11.681815335184666,15.297176227550825
2181900,MCL_2312_P,7.490294468369755,0.9740453197627534,15.340889142084873,7.466090253536157,49.36695770793794,11.278613910364946,13.91352713191505
2181900,MSD_2312_P,7.495976764065847,0.9728165160002152,15.628181179217387,7.471754187403303,49.36691011185504,11.349405651871466,13.786031727124632
2181900,PR_2313_P,8.42554263343621,0.9685836408144125,17.02043880449778,8.398316248031671,49.359123876051434,12.348847263493267,13.94235165062293
2181900,CKF_2313_P,7.664475253024857,0.9722842003244798,15.829071368432322,7.639708188606443,49.36549873369365,11.700657637929835,15.18912032000324
2181900,MCL_2313_P,7.490014544728317,0.9739361774494248,15.367454630521742,7.465811234442863,49.3669600526362,11.368997117821582,13.561651188731135
2181900,MSD_2313_P,7.501823533682075,0.971492268943183,15.94440836952241,7.477582063707865,49.36686113810457,11.72168127782861,13.848903789385721
2181900,PR_2314_P,8.410676327913539,0.9698300059326534,16.804583814320118,8.383497981642064,49.3592483992984,12.19527240382006,13.668195628707307
2181900,CKF_2314_P,7.668614518424887,0.9748630648737295,15.26097658119635,7.6438340783415475,49.36546406235136,11.49985512171039,15.088791641405418
2181900,MCL_2314_P,7.473704298680371,0.9746775082483428,15.196640307019223,7.449553693492292,49.36709667062738,11.203340630611905,13.320366817876833
2181900,MSD_2314_P,7.493473844830611,0.9736019201701946,15.479251349809871,7.46925935612711,49.36693107682373,11.360441790111183,13.216316052661387
2181900,PR_2411_P,5.859943091374673,0.9647546702271794,17.252029956233518,5.841007210803457,49.407244528924736,13.579692238302314,17.003721040604734
2181900,CKF_2411_P,5.3792362014210475,0.9636106664616291,17.23240886342822,5.361853682054195,49.419324029649516,13.755742068624896,16.88892832848555
2181900,MCL_2411_P,5.628088202724063,0.9647079985873821,17.143201383362086,5.609901540432425,49.41307072229545,13.44358381353742,17.143442442800204
2181900,MSD_2411_P,6.109031748212307,0.9690914795112667,16.17700993409943,6.089290959985167,49.4009852747437,12.608385170375058,16.130032269216212
2181900,PR_2412_P,5.780348381027241,0.9636178419949553,17.320873940919743,5.761669703624338,49.40924463414772,13.088968663107694,16.5008861137809
2181900,CKF_2412_P,5.659397696120787,0.9612317861797957,17.90577620373508,5.64110986000912,49.41228395793636,13.87909437526618,17.04673656077649
2181900,MCL_2412_P,5.664844140535292,0.9654401920905635,16.848716218145277,5.646538704726944,49.41214709630481,12.748209385901223,16.630317161875304
2181900,MSD_2412_P,6.133046816624723,0.9692243835411644,16.07469290238645,6.113228425857716,49.400381809217485,12.246149707904578,15.918436898727153
2181900,PR_2413_P,5.772896082688332,0.9650653842658423,17.04890879609691,5.754241486719178,49.40943190012013,13.201449200554757,16.366618266114134
2181900,CKF_2413_P,5.505918621495808,0.9590409332163636,18.249398471681534,5.488126739249554,49.416140675266426,14.207475436886625,17.136814888980936
2181900,MCL_2413_P,5.2129544484636,0.9620573797317042,17.577368473635154,5.1961092536690305,49.42350246061719,13.642073515406265,17.58370322828021
2181900,MSD_2413_P,5.669769711776045,0.9662519198341137,16.68015545921913,5.651448359425965,49.412023323497266,12.866762275693967,16.442576884489416
2181900,PR_2414_P,5.7345398039936555,0.9664974228540604,16.649891616193685,5.716009152899254,49.41039574046853,12.799728927395641,15.95150145196946
2181900,CKF_2414_P,6.044542666616079,0.9607706080778142,17.911886680834886,6.025010269072639,49.402605796363325,13.725968378994711,16.902799511849775
2181900,MCL_2414_P,5.289993154455778,0.9649755446022726,16.856853233885364,5.272899015991743,49.42156658425612,12.935915584235502,16.520472522393643
2181900,MSD_2414_P,5.952745914618836,0.9699145768710254,15.850355577913652,5.933510150047003,49.404912522053046,12.101244531841864,15.428639653974974
2181900,PR_3111_P,6.9437180096944,0.9736459506118489,15.645030740113583,6.921280007669208,49.38001076093652,12.415613316065453,17.320224947986997
2181900,CKF_3111_P,9.674218562206947,0.9698123063284331,17.37623500751937,9.642957192521731,49.360940784563965,13.428604161595977,16.36886625411175
2181900,MCL_3111_P,10.30575461487235,0.9765298816854119,16.385915603582713,10.272452493070055,49.37681041398955,12.99092844085861,17.246387376703176
2181900,MSD_3111_P,11.432860659214432,0.9775669543828428,16.89301515339185,11.395916395310419,49.40513303337377,13.546374123813875,18.019410893004984
2181900,PR_3112_P,6.860781010683141,0.9723937374456884,15.786003686567929,6.838611012132337,49.38209485326097,12.118800599721135,16.948795346686936
2181900,CKF_3112_P,10.274979015526421,0.967410248147549,18.1637776388369,10.24177634231341,49.37603706565114,13.961828873774346,17.438898958792056
2181900,MCL_3112_P,10.58990357182836,0.9765517637289437,16.550355282108814,10.555683248154569,49.38395068512613,12.983716768477079,17.54277012106671
2181900,MSD_3112_P,11.723710786821645,0.9772980729192042,17.148247308895918,11.685826666814148,49.412441695680585,13.651088484328547,18.3925973941094
2181900,PR_3113_P,6.866366274034363,0.9739467867753641,15.459697018282972,6.844178227205935,49.38195450330114,12.091258463315633,16.742605554691085
2181900,CKF_3113_P,9.249685146446819,0.9660173771086489,17.871651961835738,9.219795618421832,49.35692089496026,13.428960999408453,16.50203370253937
2181900,MCL_3113_P,9.369691049185485,0.975471357873303,16.055420959067593,9.33941373284811,49.357926089199125,12.561279410796777,16.56964577602361
2181900,MSD_3113_P,9.659984729491557,0.9752852536049844,16.25726612131971,9.62876935516025,49.360583107991836,12.741320727169734,16.72288022595789
2181900,PR_3114_P,6.841075669351409,0.9750121106622448,15.132689123835794,6.8189693468439145,49.38259002129347,11.83928372787338,16.46587967045134
2181900,CKF_3114_P,9.373065657465183,0.9682725868385783,17.51941037072893,9.342777436383791,49.357954355615405,13.567624247393184,16.913071404957204
2181900,MCL_3114_P,9.650010325232659,0.9768152723103469,15.91702045523819,9.618827182294194,49.36033246497839,12.501294331160738,16.420395581716225
2181900,MSD_3114_P,11.024009869819391,0.978116099660975,16.50894695871248,10.988386770574952,49.39485917728799,13.184780858985249,17.43884422482946
2181900,PR_3211_P,10.033221192850181,0.9709880390199438,17.378748741420335,10.000799738359941,49.36996202521536,13.856214955357757,18.323091214567413
2181900,CKF_3211_P,5.64925592058021,0.9604880229242412,17.679460212915426,5.631000856706672,49.4125388067591,13.55850248053904,17.313703858366885
2181900,MCL_3211_P,,,,,,,
2181900,MSD_3211_P,13.427475327326961,0.9774478815815068,18.376353900710335,13.384085645003003,49.468459859730764,14.98103923869859,19.180343716542286
2181900,PR_3212_P,9.954447548120863,0.9694765230470597,17.60274473099282,9.922280643599024,49.36798255223818,13.588528317804418,17.94534842382815
2181900,CKF_3212_P,6.459978061333538,0.9541004233713763,19.149350384308228,6.439103221568944,49.39216647823318,14.395696668347115,18.12736208031965
2181900,MCL_3212_P,,,,,,,
2181900,MSD_3212_P,13.571390288894257,0.9773132798034652,18.526705307380297,13.527535558278506,49.47689808992345,14.959933183358519,19.411946764478945
2181900,PR_3213_P,9.964498231485173,0.9712736086951177,17.2596379688021,9.932298849081404,49.36823511204025,13.697220075509053,17.840751863124936
2181900,CKF_3213_P,4.807020113294813,0.9520232003914191,19.181973180038568,4.791486658899537,49.43370303023323,14.204499165085878,17.712897597050777
2181900,MCL_3213_P,,,,,,,
2181900,MSD_3213_P,12.467041662564322,0.9757330990801921,18.00553703162971,12.4267555354949,49.43112057472295,14.42171173979545,17.97248274349044
2181900,PR_3214_P,9.932447676551506,0.9725900284537579,16.963723921439776,9.900351862641662,49.367429725827485,13.445334634649836,17.56053787102961
2181900,CKF_3214_P,5.5214356968740885,0.9565304562006441,18.35671579686579,5.503593672590346,49.41575075257717,13.80668959309905,17.50755328037547
2181900,MCL_3214_P,,,,,,,
2181900,MSD_3214_P,13.185523443700923,0.9779353252134003,18.134606642181794,13.142915607190291,49.456688141052055,14.727859816712632,18.721462077544064
2181900,PR_3311_P,13.779850311711886,0.9738405606803926,19.43007298349193,13.735321961227411,49.48912081950868,15.43357875078335,19.18196226932819
2181900,CKF_3311_P,12.459305106035751,0.9750558487526112,18.588802493209837,12.419043978954928,49.43092616573455,14.374793157564834,16.881412634155012
2181900,MCL_3311_P,14.554317959341438,0.9786889011055705,19.214593422279716,14.507286986109078,49.53453052685466,15.616835400163694,18.991209672400778
2181900,MSD_3311_P,15.00632608165911,0.9795602941962077,19.389135015550714,14.957834484716251,49.56103332089038,15.906741260831279,19.714524895437805
2181900,PR_3312_P,13.728101616965189,0.9721826647610705,19.752979718898473,13.683740487746885,49.48608661518631,15.253011578948916,18.848458066520987
2181900,CKF_3312_P,13.035326707312244,0.9735506140613404,19.199080073353713,12.993204218085381,49.450397746551864,14.899009863117293,18.170253517974906
2181900,MCL_3312_P,14.616319225019925,0.9784559838175338,19.338872660685464,14.569087900257893,49.538165874745765,15.53482529025482,19.20270662837172
2181900,MSD_3312_P,15.05661753760718,0.9793720333526683,19.483310292968508,15.007963428334639,49.56398208227971,15.865987916709715,19.97870036614801
2181900,PR_3313_P,13.731614429018816,0.9741833990824188,19.399873930010212,13.687241948463397,49.48629258346375,15.384869234229681,18.816740272246182
2181900,CKF_3313_P,12.181390062022325,0.9717959465225633,19.007386383865338,12.142026992482387,49.42394254422683,14.595274353092977,17.572211941979155
2181900,MCL_3313_P,14.21280209702994,0.9780179577664662,19.132541077562905,14.16687470167898,49.51450627482935,15.374932367113146,18.42159147311727
2181900,MSD_3313_P,14.454914434783513,0.9785083655419399,19.213740129581435,14.408204675126102,49.52870215562036,15.512803960541968,18.69398557659285
2181900,PR_3314_P,13.722562964201733,0.9752623813081771,19.26880419555505,13.678219732643122,49.485761864886065,15.22102280758023,18.543918963144353
2181900,CKF_3314_P,12.333908961057615,0.9749529099352046,18.580573150354404,12.294053040373573,49.427775133669456,14.398734187970755,17.17575156493758
2181900,MCL_3314_P,14.29170551427232,0.9791161913070424,19.03529920157349,14.245523149604718,49.51913265411911,15.306827574558277,18.253560178873933
2181900,MSD_3314_P,14.852292993548993,0.980039695306058,19.251914488477247,14.804299140716443,49.552001830066864,15.708760603464386,19.28971814710953
2181900,PR_3411_P,11.309202527679608,0.9706556325372221,18.300140447049554,11.2726578539378,49.4020256751879,14.905577281514763,20.58540810257913
2181900,CKF_3411_P,7.917144777096782,0.9599121174373477,19.246358521018156,7.891561233771114,49.363382321549395,15.694172009868893,20.97260142783844
2181900,MCL_3411_P,9.897098607276957,0.9642160638869169,18.804190491330605,9.865117020714317,49.366541452501586,15.013049719305933,20.16105450023227
2181900,MSD_3411_P,13.89401919261167,0.9769792910863385,18.75495896807014,13.849121915627407,49.49581493447338,15.427170686748239,20.816929901806862
2181900,PR_3412_P,11.226288657827265,0.9692477414160806,18.46141236415333,11.190011912820047,49.39994216406728,14.584899743320168,20.144463437816796
2181900,CKF_3412_P,8.849679611349886,0.954202130406324,20.59309453184974,8.821082665338464,49.35557121708248,16.171435262398358,21.412122089263462
2181900,MCL_3412_P,10.168380552617768,0.965059040475299,18.67069093569707,10.135522342777733,49.37335839339394,14.488921155143915,19.8267550587171
2181900,MSD_3412_P,14.030935393651049,0.9768529807000055,18.892193700338563,13.985595684241977,49.503842803215434,15.427227412783182,21.048768683020064
2181900,PR_3413_P,11.22642754629538,0.9709056099638468,18.15767953483943,11.190150352482531,49.3999456541428,14.700057047890116,20.035789985369266
2181900,CKF_3413_P,7.730646666349134,0.9554468541025121,20.118852731407703,7.705665774942914,49.364944468262244,15.902140191470876,20.852875007450674
2181900,MCL_3413_P,8.81743087005187,0.9607173327730717,18.97709870160632,8.788938132955836,49.35584133920332,15.055713909126704,20.286818893815052
2181900,MSD_3413_P,12.940857588248413,0.9746140090282944,18.496337721870052,12.899040367507672,49.44644128224186,15.031721423219619,20.055130607422853
2181900,PR_3414_P,11.195042711560102,0.9721734748199465,17.86228945707843,11.15886693502606,49.39915699655986,14.491611171596913,19.78468966929883
2181900,CKF_3414_P,8.32791564980435,0.9581488091425044,19.55020483098951,8.301004737242081,49.359941619839574,15.195491553588646,20.339932061739567
2181900,MCL_3414_P,9.107237718959146,0.9643634662167453,18.303449532514193,9.077808497021184,49.35572772587286,14.400917070029248,19.220126245373358
2181900,MSD_3414_P,13.647560920717304,0.9774437611707391,18.498747492638802,13.603460051535915,49.48136423658566,15.185219448489415,20.4165829579192
2181900,PR_4111_P,1.7489871019032464,0.9726599643928728,14.488969176470317,1.743335406935255,49.51054717944244,10.778674699090283,12.439989624653933
2181900,CKF_4111_P,7.900282408439116,0.9829453800640207,13.574557091490167,7.874753354345523,49.36352356423368,10.24281118214594,12.122800260253191
2181900,MCL_4111_P,7.21698611787517,0.9820479658168405,13.301130793972774,7.193665074465488,49.3731439105131,10.124238469815854,12.016706165480016
2181900,MSD_4111_P,5.539034699180745,0.9796699057338027,13.10925548484193,5.521135805299354,49.41530851393745,9.866469635421526,11.692524319500382
2181900,PR_4112_P,1.6674486715452213,0.9717659127744757,14.553848283643303,1.662060460702442,49.51259612766678,10.518733096381455,12.283772238357999
2181900,CKF_4112_P,8.120632722329674,0.9825799503330213,13.77773517057215,8.094391625958092,49.361677864472206,10.387214882004773,12.492968202144775
2181900,MCL_4112_P,7.2606805477968255,0.9820963138490602,13.320313366635466,7.237218309755435,49.37204592979148,10.068627120094567,12.039898121325942
2181900,MSD_4112_P,5.725107702324827,0.9797492360753864,13.158026278097557,5.706607530221084,49.41063275616631,9.747242042792609,11.706750571179626
2181900,PR_4113_P,1.6550471108663916,0.9730988989033226,14.255780968996945,1.6496989745547554,49.512907761771345,10.569377024236568,12.208831631069733
2181900,CKF_4113_P,7.806823182594552,0.9826854557926555,13.602787815163394,7.78159613360771,49.36430639802137,10.247751287904693,12.125835697670926
2181900,MCL_4113_P,7.042940184767708,0.9818991232319413,13.246484371962008,7.020181555182161,49.37751744461266,10.062414015544158,11.862624051446373
2181900,MSD_4113_P,4.350710306645463,0.9775408163512218,13.26061650997451,4.33665137646782,49.44516946592479,9.853338821818223,11.888477128614406
2181900,PR_4114_P,1.618224006408191,0.9742506712349663,13.873763029582852,1.6129948606562596,49.51390248056701,10.156011826715122,11.669949566060838
2181900,CKF_4114_P,7.638527307571935,0.9830784836807058,13.43408295375791,7.6138440916122,49.36571607904655,10.193383915920002,12.277986211858703
2181900,MCL_4114_P,7.086156414080506,0.9822362004027543,13.188054389814418,7.063258135125632,49.376431480412414,10.007605165754685,11.79094078861127
2181900,MSD_4114_P,5.260936503781415,0.980096033540367,12.874865347201913,5.24393625927819,49.42229673778671,9.59875419131114,11.383735848627913
2181900,PR_4211_P,5.095099707754888,0.9696841789301415,15.410397120830666,5.078635349985527,49.42646398760081,11.479279205667392,12.957685415824564
2181900,CKF_4211_P,7.103794124495344,0.9811455726698666,13.527687830270896,7.08083885086104,49.375988269091344,10.153390009093588,12.449670142111287
2181900,MCL_4211_P,,,,,,,
2181900,MSD_4211_P,7.236831113500132,0.9796892671499546,13.915793549956048,7.2134459427668185,49.372645233160945,10.55847408813044,12.145950691857784
2181900,PR_4212_P,5.016809752540167,0.9685530106605548,15.590517377562335,5.000598381739921,49.42843130612803,11.158240095464237,12.584482423316237
2181900,CKF_4212_P,7.147382246655323,0.9794391973704315,13.95609588024142,7.124286121913308,49.37489295973711,10.35889856051352,12.592438280065268
2181900,MCL_4212_P,,,,,,,
2181900,MSD_4212_P,7.301750762813691,0.9798547690307127,13.924528374414516,7.278155810055711,49.371013891968786,10.46070729932165,12.119171044397767
2181900,PR_4213_P,5.010318465237701,0.9701181835983923,15.248029018110671,4.994128070450224,49.42859442321935,11.222544985012448,12.646271151180141
2181900,CKF_4213_P,6.662466163124068,0.977853339082224,14.104823749700245,6.640937001217976,49.3870782316874,10.527952056054486,12.651071592169158
2181900,MCL_4213_P,,,,,,,
2181900,MSD_4213_P,6.708183226412923,0.9780940271792606,14.038340345178591,6.686506333916789,49.385929424980695,10.604063767199072,12.281741042402066
2181900,PR_4214_P,4.966324643569818,0.9715516405883141,14.885417446478957,4.950276410871629,49.42969992724234,10.915642336538612,12.204726756774248
2181900,CKF_4214_P,6.677358013354118,0.9801357356410333,13.60596278938812,6.655780729769532,49.38670402004324,10.087447575550701,12.353863473022837
2181900,MCL_4214_P,,,,,,,
2181900,MSD_4214_P,7.0950611068178056,0.9800764142470804,13.765325066817196,7.072134053146936,49.376207717773205,10.406766249371541,11.899369172585551
2181900,PR_4311_P,9.073785950713338,0.9726561217829858,16.69002084327931,9.044464825164459,49.355447526949696,12.134465325540967,13.13962481455005
2181900,CKF_4311_P,8.318107036742157,0.9818437401590531,14.138332880677718,8.291227819833347,49.36002377880939,10.63599000000384,12.37218857031156
2181900,MCL_4311_P,8.811311744753985,0.9828159319641655,14.18137675311887,8.78283878106258,49.35589259426124,10.884787970646617,12.484038304134721
2181900,MSD_4311_P,8.740988573864051,0.9815049094813582,14.497687399688688,8.712742853192688,49.35648163567192,11.05603790366918,12.467508857634426
2181900,PR_4312_P,9.025135542065273,0.9714268694990914,17.01129321009059,8.995971625948897,49.355040021073926,12.024191096859564,12.89755136662729
2181900,CKF_4312_P,8.507029801641092,0.9812679894771498,14.367031641411891,8.47954009776039,49.358441322692364,10.834930831329578,12.877526571476885
2181900,MCL_4312_P,8.79821447132384,0.9828252202966505,14.184421556545347,8.76978383029694,49.356002299729866,10.829500202366146,12.508794114654545
2181900,MSD_4312_P,8.713481921399467,0.9816345768830277,14.47395462403265,8.685325086008705,49.35671203707683,10.947887584898748,12.438361195203175
2181900,PR_4313_P,9.010534583541512,0.9731816516799463,16.63442745160835,8.98141784911317,49.354917720428254,12.13944088289129,12.968728277020828
2181900,CKF_4313_P,8.172854275693041,0.980580352366382,14.386766834806956,8.146444430055075,49.36124044595038,10.816430311631914,12.864060519555917
2181900,MCL_4313_P,8.780609181352867,0.9827415854558303,14.198622529223455,8.75223543024164,49.35614976527654,10.865609606746078,12.3612464685398
2181900,MSD_4313_P,8.627997781097141,0.9805010787423805,14.727080611356158,8.600117180039419,49.357428069900095,11.208380029527609,12.637197303264816
2181900,PR_4314_P,8.990133536205414,0.9743399148006332,16.465741569874883,8.961082725931943,49.354746837040175,11.937828834052779,12.55589518356345
2181900,CKF_4314_P,8.136627139017504,0.9819117485019733,14.047908318585662,8.110334358122799,49.36154389193302,10.524367626512705,12.258073784816844
2181900,MCL_4314_P,8.777197553973284,0.9830249870598973,14.138745502148739,8.748834827229976,49.35617834177245,10.822448576864389,12.30508730278165
2181900,MSD_4314_P,8.684245741373166,0.9818914308628937,14.436385317735185,8.656183380076214,49.35695692536198,10.970390125953795,12.22402756393889
2181900,PR_4411_P,6.640818093593393,0.9692750657441077,16.239888657240353,6.6193588854825585,49.38762221779837,12.670128577484485,15.396145857012739
2181900,CKF_4411_P,7.460603461781326,0.9776682978730761,14.496299136131485,7.436495190772785,49.36720640594436,10.962299448881064,13.27054084598852
2181900,MCL_4411_P,7.626137611319543,0.9780011973673903,14.505250688791449,7.601494431552122,49.36581985770251,11.33542822467453,13.968301961546404
2181900,MSD_4411_P,7.821375890631619,0.9791828486277377,14.324937052634516,7.796101815873864,49.36418450153176,11.186989181252697,13.716271087084097
2181900,PR_4412_P,6.558943728190884,0.9682174591870818,16.346248440782464,6.53774908974923,49.38967960760678,12.187417333926556,14.75547753593777
2181900,CKF_4412_P,7.5353010356743555,0.9767439444438144,14.756300262227985,7.51095138615477,49.36658072363022,10.954102451776864,13.344931456966558
2181900,MCL_4412_P,7.690830773686193,0.9785791667614786,14.399541963617532,7.665978543766364,49.365277974406595,11.027293268738521,13.706088071244075
2181900,MSD_4412_P,7.861186785695541,0.9793877465580222,14.301762114889137,7.835784065600689,49.363851037248324,10.99674795526153,13.58027062393651
2181900,PR_4413_P,6.540897101728647,0.9696567755459091,16.04644381581853,6.519760779341958,49.390133094423774,12.361598569122425,14.93685481503562
2181900,CKF_4413_P,7.647876706833714,0.9760812417809802,14.961267617836453,7.623163279128733,49.365637766546406,11.13127112160051,13.22470493173481
2181900,MCL_4413_P,7.260273615065439,0.9761907327524882,14.753569067942996,7.236812691990675,49.37205615544941,11.455100452559984,14.24448657298625
2181900,MSD_4413_P,7.407015510774703,0.9769788205883077,14.63542024298632,7.38308040442399,49.36836873412758,11.371047533282702,14.029886364204543
2181900,PR_4414_P,6.498280833004498,0.9710209620265695,15.681373910574173,6.477282221268299,49.39120398244243,12.004972838606179,14.370377108195573
2181900,CKF_4414_P,7.419826762513945,0.9772197164602577,14.580502153680158,7.39585025775217,49.368046805052074,10.719241184141493,12.876040116128262
2181900,MCL_4414_P,7.355334543580995,0.9777618430656075,14.42059045188338,7.331566439640941,49.369667405508665,11.132934026175748,13.653922307084152
2181900,MSD_4414_P,7.69593126359973,0.9795375233093685,14.17450868185701,7.671062551904165,49.36523525164912,10.971817957450218,13.333918442774943
2181900,PR_5111_P,1.2826348233635774,0.9676428356941952,16.476335868176957,1.2784901039605092,49.53348503058265,12.49944983748235,15.006539121641605
2181900,CKF_5111_P,5.764528264966332,0.966930195071212,16.68734873494275,5.7459007088497085,49.40964217183113,12.912586636311442,16.172006064351983
2181900,MCL_5111_P,4.440629710082415,0.9721478893430845,15.138866307007415,4.426280213416674,49.44290991541348,11.677202947560245,14.572208276642579
2181900,MSD_5111_P,2.202287358473649,0.9687081335125661,15.826106056085978,2.1951708643792034,49.4991563695909,11.999095276352435,14.391308275807729
2181900,PR_5112_P,1.2108524786564625,0.9668137966811304,16.433957534147165,1.2069397174627663,49.53769387684723,12.314936454702982,15.122661591875328
2181900,CKF_5112_P,6.18795332736095,0.9649146792312125,17.296778039467785,6.167957511128598,49.39900208437873,13.408095457567011,17.03657442216702
2181900,MCL_5112_P,4.596547597341373,0.9722999841609398,15.063576836808696,4.581694266005907,49.43899191408771,11.487706327780815,14.727857812323682
2181900,MSD_5112_P,2.450669902437461,0.9688807105501073,15.642891878912737,2.4427507824275185,49.49291485905187,11.819090794122452,14.90882817907723
2181900,PR_5113_P,1.1982348114007348,0.9680134484863858,16.223594112091128,1.1943628230672039,49.538433694164596,12.32478821845246,14.89816508637514
2181900,CKF_5113_P,5.8093923974404795,0.9643772830915119,17.294166307290833,5.790619866903249,49.4085147980987,13.100435885654836,16.407967228726715
2181900,MCL_5113_P,3.8741151627793395,0.9715718256861555,15.128025951119568,3.8615963070673263,49.457145644144966,11.593012788448739,14.447574675082198
2181900,MSD_5113_P,0.6385514143326079,0.9658123700062525,16.475501505568857,0.6364879927034489,49.57124986065659,12.451949095944551,15.247696215142964
2181900,PR_5114_P,1.1789274739838047,0.9694160006477525,15.759587264860473,1.1751178755796254,49.53956574989917,11.913156036233287,14.353875818348188
2181900,CKF_5114_P,5.856629001002859,0.9666646370641672,16.739983284776997,5.837703829617467,49.40732780744204,12.957034231568588,16.334085124662813
2181900,MCL_5114_P,4.035510115350416,0.972700471413324,14.827763467742404,4.022469726323314,49.453090011726765,11.324310192626813,14.087285623211333
2181900,MSD_5114_P,1.7994994558686226,0.9699073702427534,15.336656120707055,1.7936845347588164,49.50927787369896,11.579417714860625,14.088258893149211
2181900,PR_5211_P,4.675355859724973,0.9640666642484607,16.913835826476014,4.660247866557257,49.437011571216665,12.79507175239023,15.327929048071034
2181900,CKF_5211_P,4.917105871510756,0.9601512696648662,17.808567939507075,4.901216684860462,49.430936727057755,13.749337844879816,16.834757429425167
2181900,MCL_5211_P,,,,,,,
2181900,MSD_5211_P,5.174170249329508,0.9677931210548321,16.09535462700397,5.157450382196215,49.424477054015675,12.279236662714759,14.674112539866558
2181900,PR_5212_P,4.6081750058715425,0.9630089187248377,16.984186110825647,4.593284101608174,49.43869973335823,12.544525717863207,15.335903371317599
2181900,CKF_5212_P,5.578995959577283,0.9558869893171924,18.90537753616388,5.5609679344667065,49.414304342613875,14.499175868617467,17.641896469711103
2181900,MCL_5212_P,,,,,,,
2181900,MSD_5212_P,5.251893824883016,0.968178753822111,15.963596000933132,5.234922800985689,49.42252396782771,12.002670895646457,14.91013229801962
2181900,PR_5213_P,4.599908446700584,0.9644226939995302,16.719298265846597,4.58504425508182,49.438907460581596,12.556821738265546,15.108077854705703
2181900,CKF_5213_P,4.8435750996521225,0.9524898501638226,19.399790762745244,4.827923521096738,49.432784453875335,14.538920664605541,17.38394391210911
2181900,MCL_5213_P,,,,,,,
2181900,MSD_5213_P,4.4609092249027125,0.9653819352660091,16.371708128043945,4.446494196803527,49.442400319193645,12.37854688043744,15.074782427778901
2181900,PR_5214_P,4.57364756662288,0.9661159765808045,16.26913305902859,4.55886823468297,49.4395673602555,12.147742261540078,14.56009305218342
2181900,CKF_5214_P,5.384606656943604,0.9567928117498706,18.50655110866008,5.367206783431361,49.41918907751396,13.833975903074181,16.616512900956312
2181900,MCL_5214_P,,,,,,,
2181900,MSD_5214_P,4.958157411759853,0.9689271270365656,15.673338293180327,4.942135570738808,49.429905158506195,11.793029205772047,14.2197817629242
2181900,PR_5311_P,8.81477289370442,0.9677175446921231,17.322336842623688,8.786288745620581,49.355863602962444,12.795824770661484,14.966467764512812
2181900,CKF_5311_P,7.947840620978579,0.9731383029201852,15.804304998582252,7.922157886786256,49.3631252068182,12.083741729822298,15.479230713205785
2181900,MCL_5311_P,7.941170567357434,0.9735083392263605,15.70859240678163,7.915509386845208,49.3631810765656,12.012264253423893,14.72507813374986
2181900,MSD_5311_P,7.938208775200659,0.9716356276087941,16.08317296145661,7.91255716545417,49.363205885148716,12.106894148936506,14.440256242213714
2181900,PR_5312_P,8.777230237242682,0.966601246489609,17.544848276460407,8.748867404886317,49.356178068010635,12.601857284446202,14.94503198627489
2181900,CKF_5312_P,8.430622662206043,0.9717830077933234,16.355545594782946,8.403379861144115,49.359081324680716,12.396949845638547,16.12799390335049
2181900,MCL_5312_P,7.9076034477197705,0.9735146840919805,15.682354722759841,7.882050736344303,49.36346224169587,11.90066407530899,14.905036673388691
2181900,MSD_5312_P,7.874648826100244,0.9719644359725794,15.981490973105123,7.84920260462912,49.36373827641615,11.924733278164108,14.705931248863369
2181900,PR_5313_P,8.761254615240768,0.9681742201424705,17.224236993027205,8.732943406674185,49.356311883121656,12.721828683242114,14.83732319229334
2181900,CKF_5313_P,8.148070500905522,0.9704673666406071,16.47585468795688,8.121740741813134,49.361448039969225,12.418079703027823,15.984348623623779
2181900,MCL_5313_P,7.8852386745306555,0.9732134443713738,15.726427946869872,7.859758232914042,49.363649573657455,11.943080093575997,14.57015004779025
2181900,MSD_5313_P,7.834280422175301,0.9701328755378609,16.35963201407894,7.808964647581161,49.36407641050899,12.243301670184277,14.75311605795012
2181900,PR_5314_P,8.758719050686548,0.9696613766544248,16.956778029583823,8.730416035569428,49.356333121534284,12.502723073424821,14.41278276382169
2181900,CKF_5314_P,8.172399517852316,0.9738670297047696,15.75215838376691,8.145991141723528,49.36124425509602,12.142121133346985,15.660295146461323
2181900,MCL_5314_P,7.873100012057509,0.9741799197569131,15.504908830477804,7.847658795440063,49.36375124960263,11.766868589668599,14.273639995952097
2181900,MSD_5314_P,7.850710752553268,0.9727212491099854,15.817604709646014,7.825341884820008,49.36393878666665,11.870888038669252,14.108258920570202
2181900,PR_5411_P,6.139680523510559,0.9641124242979677,17.66574945195089,6.119840696514671,49.400215113318566,14.005968677802597,17.67379679636302
2181900,CKF_5411_P,5.606565278712737,0.9600743863200208,18.396902946162033,5.588448165819832,49.41361156367223,14.427273724992332,17.812383922706797
2181900,MCL_5411_P,5.8211720821448205,0.963299584581156,17.720602274728623,5.802361486612888,49.40821879087911,14.024668593088236,17.935605930437863
2181900,MSD_5411_P,6.3041559785257855,0.9673323398593277,16.871588249097318,6.283784663847425,49.396082072125296,13.36477104290809,17.175325971885503
2181900,PR_5412_P,6.0704387568739175,0.9631496070695253,17.671722751335462,6.05082267843721,49.40195506335414,13.545050139057766,17.166477050772478
2181900,CKF_5412_P,6.090716111162932,0.9561892325906706,19.344144126342815,6.0710345082743435,49.40144552142548,15.030795160302706,18.415035627080393
2181900,MCL_5412_P,5.8688887213138985,0.9642280830741206,17.36226656467171,5.849923933741792,49.40701973759017,13.35258379992383,17.605069583163065
2181900,MSD_5412_P,6.337855715497729,0.9677525088021903,16.67489679032232,6.317375503141586,49.395235244243935,12.885856129678848,16.962119094753277
2181900,PR_5413_P,6.049942780827496,0.9644293711122882,17.444469449716355,6.030392933299272,49.40247009894584,13.671442555537448,17.153149815713707
2181900,CKF_5413_P,5.932495840182679,0.9553165226721134,19.47934039970808,5.91332551191033,49.405421378476646,15.112495035525514,18.287291819949864
2181900,MCL_5413_P,5.363738258756268,0.9605653294292661,18.123223824121826,5.346405819601258,49.41971347156009,14.16590549654673,18.34781646115848
2181900,MSD_5413_P,5.797036493448416,0.9642028411634512,17.383655315740313,5.778303889906839,49.408825284913725,13.647516750171823,17.578093684757683
2181900,PR_5414_P,6.023072723797945,0.9660376162812987,16.998856661192193,6.003609704449266,49.40314530639584,13.199859294452892,16.631526045501758
2181900,CKF_5414_P,6.399045086149207,0.9577690749290142,18.935980897760107,6.378367145829359,49.393697639806426,14.49070072652233,17.96651369075388
2181900,MCL_5414_P,5.451755269658843,0.9637941470723678,17.33112462577668,5.4341384114266,49.41750172554767,13.402290392746094,17.22535020682121
2181900,MSD_5414_P,6.120546226364244,0.968405361894756,16.43954076414037,6.100768230133592,49.40069593179876,12.842912530613036,16.5010551776552
